name,version,license,repo
GConf2,3.2.6-22.el8.x86_64,"LGPLv2+ and GPLv2+",@appstream
NetworkManager,1.40.16-9.el8.x86_64,"GPLv2+ and LGPLv2+",@baseos
NetworkManager-libnm,1.40.16-9.el8.x86_64,"LGPLv2+",@baseos
NetworkManager-team,1.40.16-9.el8.x86_64,"GPLv2+ and LGPLv2+",@baseos
NetworkManager-tui,1.40.16-9.el8.x86_64,"GPLv2+ and LGPLv2+",@baseos
OpenIPMI,2.0.31-3.el8.x86_64,"LGPLv2+ and GPLv2+ or BSD",@anaconda
OpenIPMI-libs,2.0.31-3.el8.x86_64,"LGPLv2+ and GPLv2+ or BSD",@anaconda
PackageKit,1.1.12-7.el8.x86_64,"GPLv2+ and LGPLv2+",@appstream
PackageKit-glib,1.1.12-7.el8.x86_64,"GPLv2+ and LGPLv2+",@appstream
abattis-cantarell-fonts,0.0.25-6.el8.noarch,"OFL",@appstream
acl,2.2.53-1.el8.x86_64,"GPLv2+",@anaconda
adcli,0.9.2-1.el8.x86_64,"LGPLv2+",@anaconda
alsa-lib,1.2.9-1.el8.x86_64,"LGPLv2+",@appstream
ansible,5.4.0-3.el8.noarch,"GPLv3+",@manageiq-16-petrosian-noarch
ansible-core,2.12.7-1.el8.x86_64,"GPLv3+",@appstream
apr,1.6.3-12.el8.x86_64,"ASL 2.0 and BSD with advertising and ISC and BSD",@appstream
apr-util,1.6.1-9.el8.x86_64,"ASL 2.0",@appstream
apr-util-bdb,1.6.1-9.el8.x86_64,"ASL 2.0",@appstream
apr-util-openssl,1.6.1-9.el8.x86_64,"ASL 2.0",@appstream
at,3.1.20-12.el8.x86_64,"GPLv3+ and GPLv2+ and ISC and MIT and Public Domain",@anaconda
atk,2.28.1-1.el8.x86_64,"LGPLv2+",@appstream
attr,2.4.48-3.el8.x86_64,"GPLv2+",@anaconda
audit,3.0.7-5.el8.x86_64,"GPLv2+",@baseos
audit-libs,3.0.7-5.el8.x86_64,"LGPLv2+",@baseos
augeas-libs,1.12.0-8.el8.x86_64,"LGPLv2+",@anaconda
authselect,1.2.6-2.el8.x86_64,"GPLv3+",@baseos
authselect-libs,1.2.6-2.el8.x86_64,"GPLv3+",@baseos
autofs,5.1.4-109.el8.x86_64,"GPLv2+",@baseos
avahi-libs,0.7-20.el8.x86_64,"LGPLv2+",@anaconda
basesystem,11-5.el8.noarch,"Public Domain",@anaconda
bash,4.4.20-4.el8.x86_64,"GPLv3+",@anaconda
bc,1.07.1-5.el8.x86_64,"GPLv2+",@anaconda
bind-export-libs,9.11.36-9.el8.x86_64,"MPLv2.0",@baseos
bind-libs,9.11.36-9.el8.x86_64,"MPLv2.0",@appstream
bind-libs-lite,9.11.36-9.el8.x86_64,"MPLv2.0",@appstream
bind-license,9.11.36-9.el8.noarch,"MPLv2.0",@appstream
bind-utils,9.11.36-9.el8.x86_64,"MPLv2.0",@appstream
binutils,2.30-123.el8.x86_64,"GPLv3+",@baseos
biosdevname,0.7.3-2.el8.x86_64,"GPLv2",@anaconda
brotli,1.0.6-3.el8.x86_64,"MIT",@anaconda
bzip2-libs,1.0.6-26.el8.x86_64,"BSD",@anaconda
c-ares,1.13.0-8.el8.x86_64,"MIT",@baseos
ca-certificates,2023.2.60_v7.0.306-80.0.el8.noarch,"Public Domain",@baseos
cairo,1.15.12-6.el8.x86_64,"LGPLv2 or MPLv1.1",@appstream
cairo-gobject,1.15.12-6.el8.x86_64,"LGPLv2 or MPLv1.1",@appstream
centos-gpg-keys,8-6.el8.noarch,"GPLv2",@anaconda
centos-logos,85.8-2.el8.x86_64,"Licensed only for approved usage, see COPYING for details.",@appstream
centos-logos-httpd,85.8-2.el8.noarch,"Licensed only for approved usage, see COPYING for details.",@appstream
centos-stream-release,8.6-1.el8.noarch,"GPLv2",@anaconda
centos-stream-repos,8-6.el8.noarch,"GPLv2",@anaconda
certmonger,0.79.17-2.el8.x86_64,"GPLv3+",@appstream
checkpolicy,2.9-1.el8.x86_64,"GPLv2",@anaconda
chkconfig,1.19.2-1.el8.x86_64,"GPLv2",@baseos
chrony,4.2-1.el8.x86_64,"GPLv2",@anaconda
cifs-utils,7.0-1.el8.x86_64,"GPLv3",@anaconda
cjose,0.6.1-4.module_el8+568+35aaaaa0.x86_64,"MIT",@appstream
cloud-init,23.1.1-10.el8.noarch,"GPLv3",@appstream
cockpit,299-1.el8.x86_64,"LGPL-2.1-or-later",@baseos
cockpit-bridge,299-1.el8.x86_64,"LGPL-2.1-or-later",@baseos
cockpit-packagekit,299-1.el8.noarch,"LGPL-2.1-or-later",@appstream
cockpit-system,299-1.el8.noarch,"LGPL-2.1-or-later",@baseos
cockpit-ws,299-1.el8.x86_64,"LGPL-2.1-or-later",@baseos
conmon,2.1.8-1.module_el8+664+4072b3ae.x86_64,"ASL 2.0",@appstream
container-selinux,2.221.0-1.module_el8+653+feef7bfe.noarch,"GPLv2",@appstream
containernetworking-plugins,1.3.0-4.module_el8+644+cb8a8b65.x86_64,"ASL 2.0",@appstream
containers-common,1-54.module_el8+664+4072b3ae.x86_64,"ASL 2.0",@appstream
copy-jdk-configs,4.0-2.el8.noarch,"BSD",@appstream
coreutils,8.30-15.el8.x86_64,"GPLv3+",@anaconda
coreutils-common,8.30-15.el8.x86_64,"GPLv3+",@anaconda
cpio,2.12-11.el8.x86_64,"GPLv3+",@anaconda
cracklib,2.9.6-15.el8.x86_64,"LGPLv2+",@anaconda
cracklib-dicts,2.9.6-15.el8.x86_64,"LGPLv2+",@anaconda
createrepo_c,0.17.7-6.el8.x86_64,"GPLv2+",@appstream
createrepo_c-libs,0.17.7-6.el8.x86_64,"GPLv2+",@appstream
criu,3.18-4.module_el8+454+d7ef4b8d.x86_64,"GPLv2",@appstream
cronie,1.5.2-8.el8.x86_64,"MIT and BSD and ISC and GPLv2+",@anaconda
cronie-anacron,1.5.2-8.el8.x86_64,"MIT and BSD and ISC and GPLv2+",@anaconda
crontabs,1.11-17.20190603git.el8.noarch,"Public Domain and GPLv2",@anaconda
crypto-policies,20230731-1.git3177e06.el8.noarch,"LGPLv2+",@baseos
crypto-policies-scripts,20230731-1.git3177e06.el8.noarch,"LGPLv2+",@baseos
cryptsetup-libs,2.3.7-7.el8.x86_64,"GPLv2+ and LGPLv2+",@baseos
cups-libs,2.2.6-53.el8.x86_64,"LGPLv2 and zlib",@baseos
curl,7.61.1-33.el8.x86_64,"MIT",@baseos
cyrus-sasl,2.1.27-6.el8_5.x86_64,"BSD with advertising",@anaconda
cyrus-sasl-gssapi,2.1.27-6.el8_5.x86_64,"BSD with advertising",@anaconda
cyrus-sasl-lib,2.1.27-6.el8_5.x86_64,"BSD with advertising",@anaconda
cyrus-sasl-plain,2.1.27-6.el8_5.x86_64,"BSD with advertising",@anaconda
dbus,1.12.8-26.el8.x86_64,"(GPLv2+ or AFL) and GPLv2+",@baseos
dbus-common,1.12.8-26.el8.noarch,"(GPLv2+ or AFL) and GPLv2+",@baseos
dbus-daemon,1.12.8-26.el8.x86_64,"(GPLv2+ or AFL) and GPLv2+",@baseos
dbus-glib,0.110-2.el8.x86_64,"AFL and GPLv2+",@anaconda
dbus-libs,1.12.8-26.el8.x86_64,"(GPLv2+ or AFL) and GPLv2+",@baseos
dbus-tools,1.12.8-26.el8.x86_64,"(GPLv2+ or AFL) and GPLv2+",@baseos
dejavu-fonts-common,2.35-7.el8.noarch,"Bitstream Vera and Public Domain",@anaconda
dejavu-sans-mono-fonts,2.35-7.el8.noarch,"Bitstream Vera and Public Domain",@anaconda
device-mapper,1.02.181-9.el8.x86_64,"GPLv2",@anaconda
device-mapper-event,1.02.181-9.el8.x86_64,"GPLv2",@anaconda
device-mapper-event-libs,1.02.181-9.el8.x86_64,"LGPLv2",@anaconda
device-mapper-libs,1.02.181-9.el8.x86_64,"LGPLv2",@anaconda
device-mapper-persistent-data,0.9.0-7.el8.x86_64,"GPLv3+",@anaconda
dhcp-client,4.3.6-49.el8.x86_64,"ISC",@anaconda
dhcp-common,4.3.6-49.el8.noarch,"ISC",@anaconda
dhcp-libs,4.3.6-49.el8.x86_64,"ISC",@anaconda
diffutils,3.6-6.el8.x86_64,"GPLv3+",@anaconda
dmidecode,3.3-4.el8.x86_64,"GPLv2+",@anaconda
dnf,4.7.0-19.el8.noarch,"GPLv2+",@baseos
dnf-data,4.7.0-19.el8.noarch,"GPLv2+",@baseos
dnf-plugins-core,4.0.21-23.el8.noarch,"GPLv2+",@baseos
dnsmasq,2.79-31.el8.x86_64,"GPLv2 or GPLv3",@appstream
dracut,049-228.git20230802.el8.x86_64,"GPLv2+ and LGPLv2+",@baseos
dracut-config-rescue,049-228.git20230802.el8.x86_64,"GPLv2+ and LGPLv2+",@baseos
dracut-network,049-228.git20230802.el8.x86_64,"GPLv2+ and LGPLv2+",@baseos
dracut-squash,049-228.git20230802.el8.x86_64,"GPLv2+ and LGPLv2+",@baseos
drpm,0.4.1-3.el8.x86_64,"LGPLv2+ and BSD",@appstream
e2fsprogs,1.45.6-5.el8.x86_64,"GPLv2",@anaconda
e2fsprogs-libs,1.45.6-5.el8.x86_64,"GPLv2 and LGPLv2",@anaconda
ed,1.14.2-4.el8.x86_64,"GPLv3+ and GFDL",@anaconda
elfutils-debuginfod-client,0.189-3.el8.x86_64,"GPLv3+ and (GPLv2+ or LGPLv3+)",@baseos
elfutils-default-yama-scope,0.189-3.el8.noarch,"GPLv2+ or LGPLv3+",@baseos
elfutils-libelf,0.189-3.el8.x86_64,"GPLv2+ or LGPLv3+",@baseos
elfutils-libs,0.189-3.el8.x86_64,"GPLv2+ or LGPLv3+",@baseos
emacs-filesystem,26.1-11.el8.noarch,"GPLv3+ and CC0-1.0",@baseos
epel-release,8-19.el8.noarch,"GPLv2",@epel
ethtool,5.13-2.el8.x86_64,"GPLv2",@anaconda
expat,2.2.5-11.el8.x86_64,"MIT",@anaconda
file,5.33-25.el8.x86_64,"BSD",@baseos
file-libs,5.33-25.el8.x86_64,"BSD",@baseos
filesystem,3.8-6.el8.x86_64,"Public Domain",@anaconda
findutils,4.6.0-21.el8.x86_64,"GPLv3+",@baseos
firewalld,0.9.11-1.el8.noarch,"GPLv2+",@baseos
firewalld-filesystem,0.9.11-1.el8.noarch,"GPLv2+",@baseos
fontconfig,2.13.1-4.el8.x86_64,"MIT and Public Domain and UCD",@anaconda
fontpackages-filesystem,1.44-22.el8.noarch,"Public Domain",@anaconda
freeipmi,1.6.8-1.el8.x86_64,"GPLv3+",@anaconda
freetype,2.9.1-9.el8.x86_64,"(FTL or GPLv2+) and BSD and MIT and Public Domain and zlib with acknowledgement",@anaconda
fribidi,1.0.4-9.el8.x86_64,"LGPLv2+ and UCD",@appstream
fstrm,0.6.1-3.el8.x86_64,"MIT",@appstream
fuse-common,3.3.0-17.el8.x86_64,"GPL+",@baseos
fuse-libs,2.9.7-17.el8.x86_64,"LGPLv2+",@baseos
fuse-overlayfs,1.12-1.module_el8+454+d7ef4b8d.x86_64,"GPLv3+",@appstream
fuse3,3.3.0-17.el8.x86_64,"GPL+",@baseos
fuse3-libs,3.3.0-17.el8.x86_64,"LGPLv2+",@baseos
gawk,4.2.1-4.el8.x86_64,"GPLv3+ and GPLv2+ and LGPLv2+ and BSD",@anaconda
gdbm,1.18-2.el8.x86_64,"GPLv3+",@anaconda
gdbm-libs,1.18-2.el8.x86_64,"GPLv3+",@anaconda
gdisk,1.0.3-11.el8.x86_64,"GPLv2",@anaconda
gdk-pixbuf2,2.36.12-5.el8.x86_64,"LGPLv2+",@anaconda
gdk-pixbuf2-modules,2.36.12-5.el8.x86_64,"LGPLv2+",@appstream
geolite2-city,20180605-1.el8.noarch,"CC-BY-SA",@appstream
geolite2-country,20180605-1.el8.noarch,"CC-BY-SA",@appstream
gettext,0.19.8.1-17.el8.x86_64,"GPLv3+ and LGPLv2+",@anaconda
gettext-libs,0.19.8.1-17.el8.x86_64,"LGPLv2+ and GPLv3+",@anaconda
git,2.39.3-1.el8.x86_64,"GPLv2",@appstream
git-core,2.39.3-1.el8.x86_64,"GPLv2",@appstream
git-core-doc,2.39.3-1.el8.noarch,"GPLv2",@appstream
glib-networking,2.56.1-1.1.el8.x86_64,"LGPLv2+",@anaconda
glib2,2.56.4-161.el8.x86_64,"LGPLv2+",@anaconda
glibc,2.28-236.el8.x86_64,"LGPLv2+ and LGPLv2+ with exceptions and GPLv2+ and GPLv2+ with exceptions and BSD and Inner-Net and ISC and Public Domain and GFDL",@baseos
glibc-common,2.28-236.el8.x86_64,"LGPLv2+ and LGPLv2+ with exceptions and GPLv2+ and GPLv2+ with exceptions and BSD and Inner-Net and ISC and Public Domain and GFDL",@baseos
glibc-gconv-extra,2.28-236.el8.x86_64,"LGPLv2+ and LGPLv2+ with exceptions and GPLv2+ and GPLv2+ with exceptions and BSD and Inner-Net and ISC and Public Domain and GFDL",@baseos
glibc-langpack-en,2.28-236.el8.x86_64,"LGPLv2+ and LGPLv2+ with exceptions and GPLv2+ and GPLv2+ with exceptions and BSD and Inner-Net and ISC and Public Domain and GFDL",@baseos
glusterfs,6.0-56.4.el8.x86_64,"GPLv2 or LGPLv3+",@anaconda
glusterfs-client-xlators,6.0-56.4.el8.x86_64,"GPLv2 or LGPLv3+",@anaconda
glusterfs-fuse,6.0-56.4.el8.x86_64,"GPLv2 or LGPLv3+",@anaconda
glusterfs-libs,6.0-56.4.el8.x86_64,"GPLv2 or LGPLv3+",@anaconda
gmp,6.1.2-10.el8.x86_64,"LGPLv3+ or GPLv2+",@anaconda
gnupg2,2.2.20-3.el8.x86_64,"GPLv3+",@anaconda
gnupg2-smime,2.2.20-3.el8.x86_64,"GPLv3+",@anaconda
gnutls,3.6.16-7.el8.x86_64,"GPLv3+ and LGPLv2+",@baseos
gobject-introspection,1.56.1-1.el8.x86_64,"GPLv2+, LGPLv2+, MIT",@anaconda
gpgme,1.13.1-11.el8.x86_64,"LGPLv2+ and GPLv3+",@anaconda
gpm-libs,1.20.7-17.el8.x86_64,"GPLv2 and GPLv2+ with exceptions and GPLv3+ and Verbatim and Copyright only",@appstream
graphite2,1.3.10-10.el8.x86_64,"(LGPLv2+ or GPLv2+ or MPL) and (Netscape or GPLv2+ or LGPLv2+)",@appstream
grep,3.1-6.el8.x86_64,"GPLv3+",@anaconda
groff-base,1.22.3-18.el8.x86_64,"GPLv3+ and GFDL and BSD and MIT",@anaconda
grub2-common,2.02-129.el8.noarch,"GPLv3+",@anaconda
grub2-pc,2.02-129.el8.x86_64,"GPLv3+",@anaconda
grub2-pc-modules,2.02-129.el8.noarch,"GPLv3+",@anaconda
grub2-tools,2.02-129.el8.x86_64,"GPLv3+",@anaconda
grub2-tools-extra,2.02-129.el8.x86_64,"GPLv3+",@anaconda
grub2-tools-minimal,2.02-129.el8.x86_64,"GPLv3+",@anaconda
grubby,8.40-48.el8.x86_64,"GPLv2+",@baseos
gsettings-desktop-schemas,3.32.0-6.el8.x86_64,"LGPLv2+",@anaconda
gssproxy,0.8.0-21.el8.x86_64,"MIT",@anaconda
gtk-update-icon-cache,3.22.30-11.el8.x86_64,"LGPLv2+",@appstream
gtk2,2.24.32-5.el8.x86_64,"LGPLv2+",@appstream
gzip,1.9-13.el8.x86_64,"GPLv3+ and GFDL",@anaconda
hardlink,1.3-6.el8.x86_64,"GPLv2+",@anaconda
harfbuzz,1.7.5-3.el8.x86_64,"MIT",@appstream
hdparm,9.54-4.el8.x86_64,"BSD",@anaconda
hicolor-icon-theme,0.17-2.el8.noarch,"GPLv2+",@appstream
hostname,3.20-7.el8.0.1.x86_64,"GPLv2+",@baseos
httpd,2.4.37-62.module_el8+657+88b2113f.x86_64,"ASL 2.0",@appstream
httpd-filesystem,2.4.37-62.module_el8+657+88b2113f.noarch,"ASL 2.0",@appstream
httpd-tools,2.4.37-62.module_el8+657+88b2113f.x86_64,"ASL 2.0",@appstream
hwdata,0.314-8.19.el8.noarch,"GPLv2+",@baseos
ima-evm-utils,1.3.2-12.el8.x86_64,"GPLv2",@anaconda
info,6.5-7.el8_5.x86_64,"GPLv3+",@anaconda
initscripts,10.00.18-1.el8.x86_64,"GPLv2",@anaconda
ipa-client,4.9.12-7.module_el8+656+9ecf9478.x86_64,"GPLv3+",@appstream
ipa-client-common,4.9.12-7.module_el8+656+9ecf9478.noarch,"GPLv3+",@appstream
ipa-common,4.9.12-7.module_el8+656+9ecf9478.noarch,"GPLv3+",@appstream
ipa-selinux,4.9.12-7.module_el8+656+9ecf9478.noarch,"GPLv3+",@appstream
ipcalc,0.2.4-4.el8.x86_64,"GPLv2+",@anaconda
ipmitool,1.8.18-19.el8.x86_64,"BSD",@appstream
iproute,6.2.0-2.el8.x86_64,"GPL-2.0-or-later AND NIST-PD",@baseos
iprutils,2.4.19-1.el8.x86_64,"CPL",@anaconda
ipset,7.1-1.el8.x86_64,"GPLv2",@anaconda
ipset-libs,7.1-1.el8.x86_64,"GPLv2",@anaconda
iptables,1.8.5-8.el8.x86_64,"GPLv2 and Artistic 2.0 and ISC",@baseos
iptables-ebtables,1.8.5-8.el8.x86_64,"GPLv2 and Artistic 2.0 and ISC",@baseos
iptables-libs,1.8.5-8.el8.x86_64,"GPLv2 and Artistic 2.0 and ISC",@baseos
iptstate,2.2.6-6.el8.x86_64,"zlib",@anaconda
iputils,20180629-11.el8.x86_64,"BSD and GPLv2+",@baseos
irqbalance,1.9.2-1.el8.x86_64,"GPLv2",@baseos
jansson,2.14-1.el8.x86_64,"MIT",@anaconda
jasper-libs,2.0.14-5.el8.x86_64,"JasPer",@appstream
java-1.8.0-openjdk,1.8.0.362.b08-3.el8.x86_64,"ASL 1.1 and ASL 2.0 and BSD and BSD with advertising and GPL+ and GPLv2 and GPLv2 with exceptions and IJG and LGPLv2+ and MIT and MPLv2.0 and Public Domain and W3C and zlib",
java-1.8.0-openjdk-headless,1.8.0.362.b08-3.el8.x86_64,"ASL 1.1 and ASL 2.0 and BSD and BSD with advertising and GPL+ and GPLv2 and GPLv2 with exceptions and IJG and LGPLv2+ and MIT and MPLv2.0 and Public Domain and W3C and zlib",
javapackages-filesystem,5.3.0-1.module_el8.0.0+11+5b8c10bd.noarch,"BSD",@appstream
jbigkit-libs,2.1-14.el8.x86_64,"GPLv2+",@appstream
jq,1.6-7.el8.x86_64,"MIT and ASL 2.0 and CC-BY and GPLv3",@appstream
json-c,0.13.1-3.el8.x86_64,"MIT",@anaconda
json-glib,1.4.4-1.el8.x86_64,"LGPLv2+",@anaconda
kafka,3.3.1-1.el8.x86_64,"Apache (v2)",@manageiq-16-petrosian
kbd,2.0.4-11.el8.x86_64,"GPLv2+",@baseos
kbd-legacy,2.0.4-11.el8.noarch,"GPLv2+",@baseos
kbd-misc,2.0.4-11.el8.noarch,"GPLv2+",@baseos
kernel,4.18.0-513.el8.x86_64,"GPLv2 and Redistributable, no modification permitted",@baseos
kernel-core,4.18.0-513.el8.x86_64,"GPLv2 and Redistributable, no modification permitted",@baseos
kernel-modules,4.18.0-513.el8.x86_64,"GPLv2 and Redistributable, no modification permitted",@baseos
kernel-tools,4.18.0-513.el8.x86_64,"GPLv2",@baseos
kernel-tools-libs,4.18.0-513.el8.x86_64,"GPLv2",@baseos
kexec-tools,2.0.26-7.el8.x86_64,"GPLv2",@baseos
keyutils,1.5.10-9.el8.x86_64,"GPLv2+ and LGPLv2+",@anaconda
keyutils-libs,1.5.10-9.el8.x86_64,"GPLv2+ and LGPLv2+",@anaconda
kmod,25-19.el8.x86_64,"GPLv2+",@anaconda
kmod-libs,25-19.el8.x86_64,"LGPLv2+",@anaconda
kpartx,0.8.4-39.el8.x86_64,"GPLv2",@baseos
kpatch,0.9.7-2.el8.noarch,"GPLv2",@anaconda
kpatch-dnf,0.9.7_0.4-2.el8.noarch,"GPLv2",@anaconda
krb5-libs,1.18.2-25.el8.x86_64,"MIT",@baseos
krb5-pkinit,1.18.2-25.el8.x86_64,"MIT",@baseos
krb5-workstation,1.18.2-25.el8.x86_64,"MIT",@baseos
langpacks-en,1.0-12.el8.noarch,"GPLv2+",@appstream
lasso,2.6.0-13.el8.x86_64,"GPLv2+",@appstream
less,530-1.el8.x86_64,"GPLv3+ or BSD",@anaconda
libX11,1.6.8-6.el8.x86_64,"MIT",@appstream
libX11-common,1.6.8-6.el8.noarch,"MIT",@appstream
libXau,1.0.9-3.el8.x86_64,"MIT",@appstream
libXcomposite,0.4.4-14.el8.x86_64,"MIT",@appstream
libXcursor,1.1.15-3.el8.x86_64,"MIT",@appstream
libXdamage,1.1.4-14.el8.x86_64,"MIT",@appstream
libXext,1.3.4-1.el8.x86_64,"MIT",@appstream
libXfixes,5.0.3-7.el8.x86_64,"MIT",@appstream
libXft,2.3.3-1.el8.x86_64,"MIT",@appstream
libXi,1.7.10-1.el8.x86_64,"MIT",@appstream
libXinerama,1.1.4-1.el8.x86_64,"MIT",@appstream
libXrandr,1.5.2-1.el8.x86_64,"MIT",@appstream
libXrender,0.9.10-7.el8.x86_64,"MIT",@appstream
libXtst,1.2.3-7.el8.x86_64,"MIT",@appstream
libacl,2.2.53-1.el8.x86_64,"LGPLv2+",@anaconda
libaio,0.3.112-1.el8.x86_64,"LGPLv2+",@anaconda
libappstream-glib,0.7.14-3.el8.x86_64,"LGPLv2+",@anaconda
libarchive,3.3.3-5.el8.x86_64,"BSD",@anaconda
libassuan,2.5.1-3.el8.x86_64,"LGPLv2+ and GPLv3+",@anaconda
libattr,2.4.48-3.el8.x86_64,"LGPLv2+",@anaconda
libbasicobjects,0.1.1-40.el8.x86_64,"GPLv3+",@anaconda
libblkid,2.32.1-43.el8.x86_64,"LGPLv2+",@baseos
libbpf,0.5.0-1.el8.x86_64,"LGPLv2 or BSD",@anaconda
libcap,2.48-5.el8.x86_64,"BSD or GPLv2",@baseos
libcap-ng,0.7.11-1.el8.x86_64,"LGPLv2+",@anaconda
libcollection,0.7.0-40.el8.x86_64,"LGPLv3+",@anaconda
libcom_err,1.45.6-5.el8.x86_64,"MIT",@anaconda
libcomps,0.1.18-1.el8.x86_64,"GPLv2+",@anaconda
libcroco,0.6.12-4.el8_2.1.x86_64,"LGPLv2",@anaconda
libcurl,7.61.1-33.el8.x86_64,"MIT",@baseos
libdaemon,0.14-15.el8.x86_64,"LGPLv2+",@anaconda
libdatrie,0.2.9-7.el8.x86_64,"LGPLv2+",@appstream
libdb,5.3.28-42.el8_4.x86_64,"BSD and LGPLv2 and Sleepycat",@anaconda
libdb-utils,5.3.28-42.el8_4.x86_64,"BSD and LGPLv2 and Sleepycat",@anaconda
libdhash,0.5.0-40.el8.x86_64,"LGPLv3+",@anaconda
libdnf,0.63.0-16.el8.x86_64,"LGPLv2+",@baseos
libedit,3.1-23.20170329cvs.el8.x86_64,"BSD",@anaconda
libestr,0.1.10-3.el8.x86_64,"LGPLv2+",@appstream
libev,4.24-6.el8.x86_64,"BSD or GPLv2+",@appstream
libevent,2.1.8-5.el8.x86_64,"BSD and ISC",@anaconda
libfastjson,0.99.9-2.el8.x86_64,"MIT",@appstream
libfdisk,2.32.1-43.el8.x86_64,"LGPLv2+",@baseos
libffi,3.1-24.el8.x86_64,"MIT",@anaconda
libfontenc,1.1.3-8.el8.x86_64,"MIT",@appstream
libgcc,8.5.0-20.el8.x86_64,"GPLv3+ and GPLv3+ with exceptions and GPLv2+ with exceptions and LGPLv2+ and BSD",@baseos
libgcrypt,1.8.5-7.el8.x86_64,"LGPLv2+",@anaconda
libgomp,8.5.0-20.el8.x86_64,"GPLv3+ and GPLv3+ with exceptions and GPLv2+ with exceptions and LGPLv2+ and BSD",@baseos
libgpg-error,1.31-1.el8.x86_64,"LGPLv2+",@anaconda
libibverbs,46.0-1.el8.1.x86_64,"GPLv2 or BSD",@baseos
libicu,60.3-2.el8_1.x86_64,"MIT and UCD and Public Domain",@anaconda
libidn2,2.2.0-1.el8.x86_64,"(GPLv2+ or LGPLv3+) and GPLv3+",@anaconda
libini_config,1.3.1-40.el8.x86_64,"LGPLv3+",@anaconda
libipa_hbac,2.9.1-2.el8.x86_64,"LGPLv3+",@baseos
libjose,10-2.el8.x86_64,"ASL 2.0",@appstream
libjpeg-turbo,1.5.3-12.el8.x86_64,"IJG",@appstream
libkadm5,1.18.2-25.el8.x86_64,"MIT",@baseos
libkcapi,1.2.0-2.el8.x86_64,"BSD or GPLv2",@anaconda
libkcapi-hmaccalc,1.2.0-2.el8.x86_64,"BSD or GPLv2",@anaconda
libksba,1.3.5-9.el8.x86_64,"(LGPLv3+ or GPLv2+) and GPLv3+",@anaconda
libldb,2.7.2-3.el8.x86_64,"LGPL-3.0-or-later",@baseos
libmaxminddb,1.2.0-10.el8.x86_64,"ASL 2.0 and BSD",@appstream
libmetalink,0.1.3-7.el8.x86_64,"MIT",@anaconda
libmnl,1.0.4-6.el8.x86_64,"LGPLv2+",@anaconda
libmodman,2.0.1-17.el8.x86_64,"LGPLv2+",@anaconda
libmodulemd,2.13.0-1.el8.x86_64,"MIT",@anaconda
libmount,2.32.1-43.el8.x86_64,"LGPLv2+",@baseos
libndp,1.7-6.el8.x86_64,"LGPLv2+",@anaconda
libnet,1.1.6-15.el8.x86_64,"BSD",@appstream
libnetapi,4.18.6-1.el8.x86_64,"GPL-3.0-or-later AND LGPL-3.0-or-later",@baseos
libnetfilter_conntrack,1.0.6-5.el8.x86_64,"GPLv2+",@anaconda
libnfnetlink,1.0.1-13.el8.x86_64,"GPLv2+",@anaconda
libnfsidmap,2.3.3-59.el8.x86_64,"BSD",@anaconda
libnftnl,1.2.2-3.el8.x86_64,"GPLv2+",@baseos
libnghttp2,1.33.0-3.el8_2.1.x86_64,"MIT",@anaconda
libnl3,3.7.0-1.el8.x86_64,"LGPLv2",@anaconda
libnl3-cli,3.7.0-1.el8.x86_64,"LGPLv2",@anaconda
libnsl2,1.2.0-2.20180605git4a062cf.el8.x86_64,"BSD and LGPLv2+",@anaconda
libpath_utils,0.2.1-40.el8.x86_64,"LGPLv3+",@anaconda
libpcap,1.9.1-5.el8.x86_64,"BSD with advertising",@anaconda
libpipeline,1.5.0-2.el8.x86_64,"GPLv3+",@anaconda
libpkgconf,1.4.2-1.el8.x86_64,"ISC",@anaconda
libpng,1.6.34-5.el8.x86_64,"zlib",@anaconda
libpq,13.5-1.el8.x86_64,"PostgreSQL",@appstream
libproxy,0.4.15-5.2.el8.x86_64,"LGPLv2+",@anaconda
libpsl,0.20.2-6.el8.x86_64,"MIT",@anaconda
libpwquality,1.4.4-6.el8.x86_64,"BSD or GPLv2+",@anaconda
librdkafka,0.11.4-3.el8.x86_64,"BSD",@appstream
libref_array,0.1.5-40.el8.x86_64,"LGPLv3+",@anaconda
librelp,1.9.0-1.el8.x86_64,"GPLv3+",@appstream
librepo,1.14.2-4.el8.x86_64,"LGPLv2+",@anaconda
libreport-filesystem,2.9.5-15.el8.x86_64,"GPLv2+",@anaconda
libseccomp,2.5.2-1.el8.x86_64,"LGPLv2",@anaconda
libsecret,0.18.6-1.el8.x86_64,"LGPLv2+",@anaconda
libselinux,2.9-8.el8.x86_64,"Public Domain",@anaconda
libselinux-utils,2.9-8.el8.x86_64,"Public Domain",@anaconda
libsemanage,2.9-9.el8.x86_64,"LGPLv2+",@anaconda
libsepol,2.9-3.el8.x86_64,"LGPLv2+",@anaconda
libsigsegv,2.11-5.el8.x86_64,"GPLv2+",@anaconda
libslirp,4.4.0-1.module_el8+487+8e42a277.x86_64,"BSD and MIT",@appstream
libsmartcols,2.32.1-43.el8.x86_64,"LGPLv2+",@baseos
libsmbclient,4.18.6-1.el8.x86_64,"GPL-3.0-or-later AND LGPL-3.0-or-later",@baseos
libsodium,1.0.18-2.el8.x86_64,"ISC",@epel
libsodium-devel,1.0.18-2.el8.x86_64,"ISC",@epel
libsolv,0.7.20-6.el8.x86_64,"BSD",@baseos
libsoup,2.62.3-4.el8.x86_64,"LGPLv2",@baseos
libss,1.45.6-5.el8.x86_64,"MIT",@anaconda
libssh,0.9.6-6.el8.x86_64,"LGPLv2+",@anaconda
libssh-config,0.9.6-6.el8.noarch,"LGPLv2+",@anaconda
libssh2,1.10.0-1.el8.x86_64,"BSD",@epel
libsss_autofs,2.9.1-2.el8.x86_64,"LGPLv3+",@baseos
libsss_certmap,2.9.1-2.el8.x86_64,"LGPLv3+",@baseos
libsss_idmap,2.9.1-2.el8.x86_64,"LGPLv3+",@baseos
libsss_nss_idmap,2.9.1-2.el8.x86_64,"LGPLv3+",@baseos
libsss_sudo,2.9.1-2.el8.x86_64,"LGPLv3+",@baseos
libstdc++,8.5.0-20.el8.x86_64,"GPLv3+ and GPLv3+ with exceptions and GPLv2+ with exceptions and LGPLv2+ and BSD",@baseos
libstemmer,0-10.585svn.el8.x86_64,"BSD",@anaconda
libsysfs,2.1.0-25.el8.x86_64,"LGPLv2+",@anaconda
libtalloc,2.4.0-3.el8.x86_64,"LGPL-3.0-or-later",@baseos
libtasn1,4.13-4.el8.x86_64,"GPLv3+ and LGPLv2+",@anaconda
libtdb,1.4.8-3.el8.x86_64,"LGPL-3.0-or-later",@baseos
libteam,1.31-4.el8.x86_64,"LGPLv2+",@anaconda
libtevent,0.14.1-3.el8.x86_64,"LGPL-3.0-or-later",@baseos
libthai,0.1.27-2.el8.x86_64,"LGPLv2+",@appstream
libtiff,4.0.9-28.el8.x86_64,"libtiff",@appstream
libtirpc,1.1.4-8.el8.x86_64,"SISSL and BSD",@anaconda
libtool-ltdl,2.4.6-25.el8.x86_64,"LGPLv2+",@anaconda
libunistring,0.9.9-3.el8.x86_64,"GPLv2+ or LGPLv3+",@anaconda
libusbx,1.0.23-4.el8.x86_64,"LGPLv2+",@anaconda
libuser,0.62-25.el8.x86_64,"LGPLv2+",@anaconda
libutempter,1.1.6-14.el8.x86_64,"LGPLv2+",@anaconda
libuuid,2.32.1-43.el8.x86_64,"BSD",@baseos
libverto,0.3.2-2.el8.x86_64,"MIT",@anaconda
libverto-libev,0.3.2-2.el8.x86_64,"MIT",@appstream
libwbclient,4.18.6-1.el8.x86_64,"GPL-3.0-or-later AND LGPL-3.0-or-later",@baseos
libxcb,1.13.1-1.el8.x86_64,"MIT",@appstream
libxcrypt,4.1.1-6.el8.x86_64,"LGPLv2+ and BSD and Public Domain",@anaconda
libxkbcommon,0.9.1-1.el8.x86_64,"MIT",@appstream
libxml2,2.9.7-16.el8.x86_64,"MIT",@anaconda
libxslt,1.1.32-6.el8.x86_64,"MIT",@anaconda
libyaml,0.1.7-5.el8.x86_64,"MIT",@anaconda
libzstd,1.4.4-1.el8.x86_64,"BSD and GPLv2",@anaconda
lksctp-tools,1.0.18-3.el8.x86_64,"GPLv2 and GPLv2+ and LGPLv2 and MIT",@anaconda
lm_sensors-libs,3.4.0-23.20180522git70f7e08.el8.x86_64,"LGPLv2+",@anaconda
lmdb-libs,0.9.24-2.el8.x86_64,"OpenLDAP",@anaconda
logrotate,3.14.0-6.el8.x86_64,"GPLv2+",@anaconda
lshw,B.02.19.2-6.el8.x86_64,"GPLv2",@anaconda
lsof,4.93.2-1.el8.x86_64,"zlib and Sendmail and LGPLv2+",@anaconda
lsscsi,0.32-3.el8.x86_64,"GPLv2+",@anaconda
lua,5.3.4-12.el8.x86_64,"MIT",@appstream
lua-libs,5.3.4-12.el8.x86_64,"MIT",@anaconda
lvm2,2.03.14-9.el8.x86_64,"GPLv2",@anaconda
lvm2-libs,2.03.14-9.el8.x86_64,"LGPLv2",@anaconda
lz4-libs,1.8.3-3.el8_4.x86_64,"GPLv2+ and BSD",@anaconda
lzo,2.08-14.el8.x86_64,"GPLv2+",@anaconda
mailcap,2.1.48-3.el8.noarch,"Public Domain and MIT",@anaconda
man-db,2.7.6.1-18.el8.x86_64,"GPLv2+ and GPLv3+",@anaconda
manageiq-ansible-venv,16.1.0-1.el8.x86_64,"Apache-2.0",@manageiq-16-petrosian
manageiq-appliance,16.1.0-1.el8.x86_64,"Apache-2.0",@manageiq-16-petrosian
manageiq-appliance-tools,16.1.0-1.el8.x86_64,"Apache-2.0",@manageiq-16-petrosian
manageiq-core,16.1.0-1.el8.x86_64,"Apache-2.0",@manageiq-16-petrosian
manageiq-core-services,16.1.0-1.el8.x86_64,"Apache-2.0",@manageiq-16-petrosian
manageiq-gemset,16.1.0-1.el8.x86_64,"Apache-2.0",@manageiq-16-petrosian
manageiq-gemset-services,16.1.0-1.el8.x86_64,"Apache-2.0",@manageiq-16-petrosian
manageiq-release,16.0-1.el8.noarch,"Apache-2.0",@manageiq-16-petrosian-noarch
manageiq-system,16.1.0-1.el8.x86_64,"Apache-2.0",@manageiq-16-petrosian
manageiq-ui,16.1.0-1.el8.x86_64,"Apache-2.0",@manageiq-16-petrosian
mariadb-connector-c,3.1.11-2.el8_3.x86_64,"LGPLv2+",@appstream
mariadb-connector-c-config,3.1.11-2.el8_3.noarch,"LGPLv2+",@appstream
mcelog,194-1.el8.x86_64,"GPLv2",@baseos
memcached,1.5.22-2.el8.x86_64,"BSD",@appstream
memstrack,0.2.5-2.el8.x86_64,"GPLv3",@baseos
microcode_ctl,20230808-2.el8.x86_64,"CC0 and Redistributable, no modification permitted",@baseos
mod_auth_gssapi,1.6.1-9.el8.x86_64,"MIT",@appstream
mod_auth_mellon,0.14.0-12.el8.1.x86_64,"GPLv2+",@appstream
mod_auth_openidc,2.4.9.4-5.module_el8+319+bd773fd7.x86_64,"ASL 2.0",@appstream
mod_authnz_pam,1.1.0-7.el8.x86_64,"ASL 2.0",@appstream
mod_http2,1.15.7-8.module_el8+452+6213a5e6.3.x86_64,"ASL 2.0",@appstream
mod_intercept_form_submit,1.1.0-5.el8.x86_64,"ASL 2.0",@appstream
mod_lookup_identity,1.0.0-4.el8.x86_64,"ASL 2.0",@appstream
mod_ssl,2.4.37-62.module_el8+657+88b2113f.x86_64,"ASL 2.0",@appstream
mozjs60,60.9.0-4.el8.x86_64,"MPLv2.0 and MPLv1.1 and BSD and GPLv2+ and GPLv3+ and LGPLv2+ and AFL and ASL 2.0",@anaconda
mpfr,3.1.6-1.el8.x86_64,"LGPLv3+ and GPLv3+ and GFDL",@anaconda
nano,2.9.8-1.el8.x86_64,"GPLv3+",@anaconda
ncurses,6.1-10.20180224.el8.x86_64,"MIT",@baseos
ncurses-base,6.1-10.20180224.el8.noarch,"MIT",@baseos
ncurses-libs,6.1-10.20180224.el8.x86_64,"MIT",@baseos
net-snmp,5.8-28.el8.x86_64,"BSD",@appstream
net-snmp-agent-libs,5.8-28.el8.x86_64,"BSD",@appstream
net-snmp-libs,5.8-28.el8.x86_64,"BSD",@baseos
net-snmp-utils,5.8-28.el8.x86_64,"BSD",@appstream
net-tools,2.0-0.52.20160912git.el8.x86_64,"GPLv2+",@anaconda
nettle,3.4.1-7.el8.x86_64,"LGPLv3+ or GPLv2+",@anaconda
network-scripts,10.00.18-1.el8.x86_64,"GPLv2",@anaconda
network-scripts-team,1.31-4.el8.x86_64,"LGPLv2+",@anaconda
newt,0.52.20-11.el8.x86_64,"LGPLv2",@anaconda
nfs-utils,2.3.3-59.el8.x86_64,"MIT and GPLv2 and GPLv2+ and BSD",@anaconda
nftables,1.0.4-2.el8.x86_64,"GPLv2",@baseos
nmap-ncat,7.92-1.el8.x86_64,"Nmap",@appstream
npth,1.5-4.el8.x86_64,"LGPLv2+",@anaconda
nspr,4.35.0-1.el8.x86_64,"MPLv2.0",@appstream
nss,3.90.0-3.el8.x86_64,"MPLv2.0",@appstream
nss-softokn,3.90.0-3.el8.x86_64,"MPLv2.0",@appstream
nss-softokn-freebl,3.90.0-3.el8.x86_64,"MPLv2.0",@appstream
nss-sysinit,3.90.0-3.el8.x86_64,"MPLv2.0",@appstream
nss-tools,3.90.0-3.el8.x86_64,"MPLv2.0",@appstream
nss-util,3.90.0-3.el8.x86_64,"MPLv2.0",@appstream
numactl-libs,2.0.12-13.el8.x86_64,"LGPLv2 and GPLv2",@anaconda
oddjob,0.34.7-3.el8.x86_64,"BSD",@appstream
oddjob-mkhomedir,0.34.7-3.el8.x86_64,"BSD",@appstream
oniguruma,6.8.2-2.el8.x86_64,"BSD",@appstream
openldap,2.4.46-18.el8.x86_64,"OpenLDAP",@anaconda
openldap-clients,2.4.46-18.el8.x86_64,"OpenLDAP",@anaconda
openscap,1.3.8-1.el8.x86_64,"LGPLv2+",@appstream
openscap-scanner,1.3.8-1.el8.x86_64,"LGPLv2+",@appstream
openssh,8.0p1-19.el8.x86_64,"BSD",@baseos
openssh-clients,8.0p1-19.el8.x86_64,"BSD",@baseos
openssh-server,8.0p1-19.el8.x86_64,"BSD",@baseos
openssl,1.1.1k-9.el8.x86_64,"OpenSSL and ASL 2.0",@anaconda
openssl-libs,1.1.1k-9.el8.x86_64,"OpenSSL and ASL 2.0",@anaconda
openssl-pkcs11,0.4.10-3.el8.x86_64,"LGPLv2+ and BSD",@anaconda
os-prober,1.74-9.el8.x86_64,"GPLv2+ and GPL+",@anaconda
p11-kit,0.23.22-1.el8.x86_64,"BSD",@anaconda
p11-kit-trust,0.23.22-1.el8.x86_64,"BSD",@anaconda
pam,1.3.1-27.el8.x86_64,"BSD and GPLv2+",@baseos
pango,1.42.4-8.el8.x86_64,"LGPLv2+",@appstream
parted,3.2-39.el8.x86_64,"GPLv3+",@anaconda
passwd,0.80-4.el8.x86_64,"BSD or GPL+",@anaconda
pciutils,3.7.0-3.el8.x86_64,"GPLv2+",@anaconda
pciutils-libs,3.7.0-3.el8.x86_64,"GPLv2+",@anaconda
pcre,8.42-6.el8.x86_64,"BSD",@anaconda
pcre2,10.32-3.el8.x86_64,"BSD",@anaconda
perl-Carp,1.42-396.el8.noarch,"GPL+ or Artistic",@anaconda
perl-Data-Dumper,2.167-399.el8.x86_64,"GPL+ or Artistic",@anaconda
perl-Digest,1.17-395.el8.noarch,"GPL+ or Artistic",@baseos
perl-Digest-MD5,2.55-396.el8.x86_64,"(GPL+ or Artistic) and BSD",@baseos
perl-Encode,2.97-3.el8.x86_64,"(GPL+ or Artistic) and Artistic 2.0 and UCD",@anaconda
perl-Errno,1.28-422.el8.x86_64,"GPL+ or Artistic",@anaconda
perl-Error,0.17025-2.el8.noarch,"(GPL+ or Artistic) and MIT",@appstream
perl-Exporter,5.72-396.el8.noarch,"GPL+ or Artistic",@anaconda
perl-File-Path,2.15-2.el8.noarch,"GPL+ or Artistic",@anaconda
perl-File-Temp,0.230.600-1.el8.noarch,"GPL+ or Artistic",@anaconda
perl-Getopt-Long,2.50-4.el8.noarch,"GPLv2+ or Artistic",@anaconda
perl-Git,2.39.3-1.el8.noarch,"GPLv2",@appstream
perl-HTTP-Tiny,0.074-2.el8.noarch,"GPL+ or Artistic",@baseos
perl-IO,1.38-422.el8.x86_64,"GPL+ or Artistic",@anaconda
perl-IO-Socket-IP,0.39-5.el8.noarch,"GPL+ or Artistic",@baseos
perl-IO-Socket-SSL,2.066-4.module_el8+339+1ec643e0.noarch,"(GPL+ or Artistic) and MPLv2.0",@appstream
perl-MIME-Base64,3.15-396.el8.x86_64,"(GPL+ or Artistic) and MIT",@anaconda
perl-Mozilla-CA,20160104-7.module_el8+645+9d809f8c.noarch,"MPLv2.0",@appstream
perl-Net-SSLeay,1.88-2.module_el8+339+1ec643e0.x86_64,"Artistic 2.0",@appstream
perl-PathTools,3.74-1.el8.x86_64,"(GPL+ or Artistic) and BSD",@anaconda
perl-Pod-Escapes,1.07-395.el8.noarch,"GPL+ or Artistic",@anaconda
perl-Pod-Perldoc,3.28-396.el8.noarch,"GPL+ or Artistic",@anaconda
perl-Pod-Simple,3.35-395.el8.noarch,"GPL+ or Artistic",@anaconda
perl-Pod-Usage,1.69-395.el8.noarch,"GPL+ or Artistic",@anaconda
perl-Scalar-List-Utils,1.49-2.el8.x86_64,"GPL+ or Artistic",@anaconda
perl-Socket,2.027-3.el8.x86_64,"GPL+ or Artistic",@anaconda
perl-Storable,3.11-3.el8.x86_64,"GPL+ or Artistic",@anaconda
perl-Term-ANSIColor,4.06-396.el8.noarch,"GPL+ or Artistic",@anaconda
perl-Term-Cap,1.17-395.el8.noarch,"GPL+ or Artistic",@anaconda
perl-TermReadKey,2.37-7.el8.x86_64,"(Copyright only) and (Artistic or GPL+)",@appstream
perl-Text-ParseWords,3.30-395.el8.noarch,"GPL+ or Artistic",@anaconda
perl-Text-Tabs+Wrap,2013.0523-395.el8.noarch,"TTWL",@anaconda
perl-Time-Local,1.280-1.el8.noarch,"GPL+ or Artistic",@anaconda
perl-URI,1.73-3.el8.noarch,"GPL+ or Artistic",@baseos
perl-Unicode-Normalize,1.25-396.el8.x86_64,"GPL+ or Artistic",@anaconda
perl-constant,1.33-396.el8.noarch,"GPL+ or Artistic",@anaconda
perl-interpreter,5.26.3-422.el8.x86_64,"(GPL+ or Artistic) and (GPLv2+ or Artistic) and BSD and Public Domain and UCD",@anaconda
perl-libnet,3.11-3.el8.noarch,"GPL+ or Artistic",@baseos
perl-libs,5.26.3-422.el8.x86_64,"(GPL+ or Artistic) and HSRL and MIT and UCD",@anaconda
perl-macros,5.26.3-422.el8.x86_64,"GPL+ or Artistic",@anaconda
perl-parent,0.237-1.el8.noarch,"GPL+ or Artistic",@anaconda
perl-podlators,4.11-1.el8.noarch,"(GPL+ or Artistic) and FSFAP",@anaconda
perl-threads,2.21-2.el8.x86_64,"GPL+ or Artistic",@anaconda
perl-threads-shared,1.58-2.el8.x86_64,"GPL+ or Artistic",@anaconda
pigz,2.4-4.el8.x86_64,"zlib",@anaconda
pinentry,1.1.0-2.el8.x86_64,"GPLv2+",@appstream
pixman,0.38.4-2.el8.x86_64,"MIT",@appstream
pkgconf,1.4.2-1.el8.x86_64,"ISC",@anaconda
pkgconf-m4,1.4.2-1.el8.noarch,"GPLv2+ with exceptions",@anaconda
pkgconf-pkg-config,1.4.2-1.el8.x86_64,"ISC",@anaconda
platform-python,3.6.8-55.el8.x86_64,"Python",@baseos
platform-python-devel,3.6.8-55.el8.x86_64,"Python",@appstream
platform-python-pip,9.0.3-23.el8.noarch,"MIT and Python and ASL 2.0 and BSD and ISC and LGPLv2 and MPLv2.0 and (ASL 2.0 or BSD)",@baseos
platform-python-setuptools,39.2.0-7.el8.noarch,"MIT",@anaconda
plymouth,0.9.4-11.20200615git1e36e30.el8.x86_64,"GPLv2+",@appstream
plymouth-core-libs,0.9.4-11.20200615git1e36e30.el8.x86_64,"GPLv2+",@appstream
plymouth-scripts,0.9.4-11.20200615git1e36e30.el8.x86_64,"GPLv2+",@appstream
podman,4.6.1-4.module_el8+664+4072b3ae.x86_64,"Apache-2.0 AND BSD-2-Clause AND BSD-3-Clause AND ISC AND MIT AND MPL-2.0",@appstream
podman-catatonit,4.6.1-4.module_el8+664+4072b3ae.x86_64,"Apache-2.0 AND BSD-2-Clause AND BSD-3-Clause AND ISC AND MIT AND MPL-2.0",@appstream
podman-gvproxy,4.6.1-4.module_el8+664+4072b3ae.x86_64,"Apache-2.0 AND BSD-2-Clause AND BSD-3-Clause AND ISC AND MIT AND MPL-2.0",@appstream
podman-plugins,4.6.1-4.module_el8+664+4072b3ae.x86_64,"Apache-2.0 AND BSD-2-Clause AND BSD-3-Clause AND ISC AND MIT AND MPL-2.0",@appstream
policycoreutils,2.9-24.el8.x86_64,"GPLv2",@anaconda
policycoreutils-python-utils,2.9-24.el8.noarch,"GPLv2",@anaconda
polkit,0.115-15.el8.x86_64,"LGPLv2+",@anaconda
polkit-libs,0.115-15.el8.x86_64,"LGPLv2+",@anaconda
polkit-pkla-compat,0.1-12.el8.x86_64,"LGPLv2+",@anaconda
popt,1.18-1.el8.x86_64,"MIT",@anaconda
postgresql,13.7-2.module_el8.6.0+1152+d0162c0a.x86_64,"PostgreSQL",@appstream
postgresql-server,13.7-2.module_el8.6.0+1152+d0162c0a.x86_64,"PostgreSQL",@appstream
prefixdevname,0.1.0-6.el8.x86_64,"MIT",@anaconda
procps-ng,3.3.15-14.el8.x86_64,"GPL+ and GPLv2 and GPLv2+ and GPLv3+ and LGPLv2+",@baseos
protobuf-c,1.3.0-8.el8.x86_64,"BSD",@appstream
psacct,6.6.3-4.el8.x86_64,"GPLv3+",@anaconda
psmisc,23.1-5.el8.x86_64,"GPLv2+",@anaconda
publicsuffix-list-dafsa,20180723-1.el8.noarch,"MPLv2.0",@anaconda
python-rpm-macros,3-45.el8.noarch,"MIT",@baseos
python-srpm-macros,3-45.el8.noarch,"MIT",@baseos
python3-audit,3.0.7-5.el8.x86_64,"LGPLv2+",@baseos
python3-augeas,0.5.0-12.el8.noarch,"LGPLv2+",@appstream
python3-babel,2.5.1-7.el8.noarch,"BSD",@appstream
python3-bambou,3.1.1-1.el8.noarch,"BSD-3-Clause",@manageiq-16-petrosian-noarch
python3-beautifulsoup4,4.6.3-2.el8.1.noarch,"MIT",@epel
python3-bind,9.11.36-9.el8.noarch,"MPLv2.0",@appstream
python3-cairo,1.16.3-6.el8.x86_64,"MPLv1.1 or LGPLv2",@appstream
python3-cffi,1.11.5-6.el8.x86_64,"MIT",@baseos
python3-chardet,3.0.4-7.el8.noarch,"LGPLv2",@anaconda
python3-colorama,0.4.3-1.el8.noarch,"BSD",@epel
python3-configobj,5.0.6-11.el8.noarch,"BSD",@anaconda
python3-cryptography,3.2.1-6.el8.x86_64,"ASL 2.0 or BSD",@baseos
python3-cssselect,0.9.2-10.el8.noarch,"BSD",@epel
python3-dateutil,2.6.1-6.el8.noarch,"BSD",@anaconda
python3-dbus,1.2.4-15.el8.x86_64,"MIT",@anaconda
python3-decorator,4.2.1-2.el8.noarch,"BSD",@anaconda
python3-dnf,4.7.0-19.el8.noarch,"GPLv2+",@baseos
python3-dnf-plugins-core,4.0.21-23.el8.noarch,"GPLv2+",@baseos
python3-dns,1.15.0-11.el8.noarch,"MIT",@anaconda
python3-firewall,0.9.11-1.el8.noarch,"GPLv2+",@baseos
python3-future,0.18.3-4.el8.noarch,"MIT",@epel
python3-gobject,3.28.3-2.el8.x86_64,"LGPLv2+ and MIT",@appstream
python3-gobject-base,3.28.3-2.el8.x86_64,"LGPLv2+ and MIT",@anaconda
python3-gpg,1.13.1-11.el8.x86_64,"LGPLv2+ and GPLv3+",@anaconda
python3-gssapi,1.5.1-5.el8.x86_64,"ISC",@appstream
python3-hawkey,0.63.0-16.el8.x86_64,"LGPLv2+",@baseos
python3-html5lib,0.999999999-6.el8.noarch,"MIT",@appstream
python3-idna,2.5-5.el8.noarch,"BSD and Python and Unicode",@anaconda
python3-ipaclient,4.9.12-7.module_el8+656+9ecf9478.noarch,"GPLv3+",@appstream
python3-ipalib,4.9.12-7.module_el8+656+9ecf9478.noarch,"GPLv3+",@appstream
python3-jinja2,2.10.1-3.el8.noarch,"BSD",@appstream
python3-jmespath,0.9.0-11.el8.noarch,"MIT",@appstream
python3-jsonpatch,1.21-2.el8.noarch,"BSD",@appstream
python3-jsonpointer,1.10-11.el8.noarch,"BSD",@appstream
python3-jsonschema,2.6.0-4.el8.noarch,"MIT",@appstream
python3-jwcrypto,0.5.0-1.1.module_el8+420+fb751951.noarch,"LGPLv3+",@appstream
python3-jwt,1.6.1-2.el8.noarch,"MIT",@anaconda
python3-ldap,3.3.1-2.el8.x86_64,"Python",@appstream
python3-libcomps,0.1.18-1.el8.x86_64,"GPLv2+",@anaconda
python3-libdnf,0.63.0-16.el8.x86_64,"LGPLv2+",@baseos
python3-libipa_hbac,2.9.1-2.el8.x86_64,"LGPLv3+",@baseos
python3-libs,3.6.8-55.el8.x86_64,"Python",@baseos
python3-libselinux,2.9-8.el8.x86_64,"Public Domain",@anaconda
python3-libsemanage,2.9-9.el8.x86_64,"LGPLv2+",@anaconda
python3-libxml2,2.9.7-16.el8.x86_64,"MIT",@anaconda
python3-linux-procfs,0.7.1-1.el8.noarch,"GPLv2",@anaconda
python3-lxml,4.2.3-4.el8.x86_64,"BSD",@appstream
python3-magic,5.33-25.el8.noarch,"BSD",@baseos
python3-markupsafe,0.23-19.el8.x86_64,"BSD",@appstream
python3-netaddr,0.7.19-8.el8.noarch,"BSD",@appstream
python3-netifaces,0.10.6-4.el8.x86_64,"MIT",@appstream
python3-nftables,1.0.4-2.el8.x86_64,"GPLv2",@baseos
python3-oauthlib,2.1.0-1.el8.noarch,"BSD",@anaconda
python3-perf,4.18.0-513.el8.x86_64,"GPLv2 and Redistributable, no modification permitted",@baseos
python3-pexpect,4.3.1-3.el8.noarch,"MIT",@appstream
python3-pip,9.0.3-23.el8.noarch,"MIT and Python and ASL 2.0 and BSD and ISC and LGPLv2 and MPLv2.0 and (ASL 2.0 or BSD)",@appstream
python3-pip-wheel,9.0.3-23.el8.noarch,"MIT and Python and ASL 2.0 and BSD and ISC and LGPLv2 and MPLv2.0 and (ASL 2.0 or BSD)",@baseos
python3-ply,3.9-9.el8.noarch,"BSD",@anaconda
python3-policycoreutils,2.9-24.el8.noarch,"GPLv2",@anaconda
python3-prettytable,0.7.2-14.el8.noarch,"BSD",@appstream
python3-psutil,5.4.3-11.el8.x86_64,"BSD",@appstream
python3-ptyprocess,0.5.2-4.el8.noarch,"ISC",@appstream
python3-pyasn1,0.3.7-6.el8.noarch,"BSD",@appstream
python3-pyasn1-modules,0.3.7-6.el8.noarch,"BSD",@appstream
python3-pycparser,2.14-14.el8.noarch,"BSD",@anaconda
python3-pydbus,0.6.0-5.el8.noarch,"LGPLv2+",@appstream
python3-pylxca,2.1.1-2.el8.noarch,"Apache-2.0",@manageiq-16-petrosian-noarch
python3-pyserial,3.1.1-8.el8.noarch,"Python",@appstream
python3-pysocks,1.6.8-3.el8.noarch,"BSD",@anaconda
python3-pytz,2017.2-11.el8.noarch,"MIT",@appstream
python3-pyudev,0.21.0-7.el8.noarch,"LGPLv2+",@anaconda
python3-pyusb,1.0.0-9.1.module_el8+420+fb751951.noarch,"BSD",@appstream
python3-pyyaml,3.12-12.el8.x86_64,"MIT",@anaconda
python3-qrcode-core,5.1-12.module_el8+420+fb751951.noarch,"BSD",@appstream
python3-requests,2.20.0-4.el8.noarch,"ASL 2.0",@baseos
python3-requests-toolbelt,0.9.1-4.el8.noarch,"ASL 2.0",@epel
python3-rpm,4.14.3-26.el8.x86_64,"GPLv2+",@anaconda
python3-rpm-generators,5-8.el8.noarch,"GPLv2+",@appstream
python3-rpm-macros,3-45.el8.noarch,"MIT",@baseos
python3-setools,4.3.0-5.el8.x86_64,"GPLv2",@baseos
python3-setuptools,39.2.0-7.el8.noarch,"MIT",@anaconda
python3-setuptools-wheel,39.2.0-7.el8.noarch,"MIT",@anaconda
python3-six,1.11.0-8.el8.noarch,"MIT",@anaconda
python3-slip,0.6.4-13.el8.noarch,"GPLv2+",@anaconda
python3-slip-dbus,0.6.4-13.el8.noarch,"GPLv2+",@anaconda
python3-sss,2.9.1-2.el8.x86_64,"LGPLv3+",@baseos
python3-sss-murmur,2.9.1-2.el8.x86_64,"LGPLv3+",@baseos
python3-sssdconfig,2.9.1-2.el8.noarch,"GPLv3+",@baseos
python3-syspurpose,1.28.39-1.el8.x86_64,"GPLv2",@baseos
python3-systemd,234-8.el8.x86_64,"LGPLv2+",@anaconda
python3-tabulate,0.8.10-2.el8.noarch,"MIT",@epel
python3-tracer,0.7.5-2.el8.noarch,"GPLv2+",@appstream
python3-unbound,1.16.2-5.el8.x86_64,"BSD",@appstream
python3-unittest2,1.1.0-16.el8.noarch,"BSD",@manageiq-16-petrosian-noarch
python3-urllib3,1.24.2-5.el8.noarch,"MIT",@anaconda
python3-vspk,5.3.2-1.el8.noarch,"BSD-3-Clause",@manageiq-16-petrosian-noarch
python3-webencodings,0.5.1-6.el8.noarch,"BSD",@appstream
python3-yubico,1.3.2-9.1.module_el8+420+fb751951.noarch,"BSD",@appstream
python36,3.6.8-38.module_el8.5.0+895+a459eca8.x86_64,"Python",@appstream
python36-devel,3.6.8-38.module_el8.5.0+895+a459eca8.x86_64,"Python",@appstream
python38,3.8.17-2.module_el8+640+ebf3d03c.x86_64,"Python",@appstream
python38-asn1crypto,1.2.0-3.module_el8+617+b8038191.noarch,"MIT",@appstream
python38-babel,2.7.0-11.module_el8+617+b8038191.noarch,"BSD",@appstream
python38-cffi,1.13.2-3.module_el8+617+b8038191.x86_64,"MIT",@appstream
python38-cryptography,2.8-3.module_el8+617+b8038191.x86_64,"ASL 2.0 or BSD",@appstream
python38-idna,2.8-6.module_el8+617+b8038191.noarch,"BSD and Python and Unicode",@appstream
python38-jinja2,2.11.3-1.module_el8+617+b8038191.noarch,"BSD",@appstream
python38-libs,3.8.17-2.module_el8+640+ebf3d03c.x86_64,"Python",@appstream
python38-markupsafe,1.1.1-6.module_el8+615+cf6008ae.x86_64,"BSD",@appstream
python38-pip,19.3.1-7.module_el8+640+ebf3d03c.noarch,"MIT and Python and ASL 2.0 and BSD and ISC and LGPLv2 and MPLv2.0 and (ASL 2.0 or BSD)",@appstream
python38-pip-wheel,19.3.1-7.module_el8+640+ebf3d03c.noarch,"MIT and Python and ASL 2.0 and BSD and ISC and LGPLv2 and MPLv2.0 and (ASL 2.0 or BSD)",@appstream
python38-ply,3.11-10.module_el8+617+b8038191.noarch,"BSD",@appstream
python38-pycparser,2.19-3.module_el8+617+b8038191.noarch,"BSD",@appstream
python38-pytz,2019.3-4.module_el8+617+b8038191.noarch,"MIT",@appstream
python38-pyyaml,5.4.1-1.module_el8+617+b8038191.x86_64,"MIT",@appstream
python38-resolvelib,0.5.4-5.el8.noarch,"ISC",@appstream
python38-setuptools,41.6.0-5.module_el8+615+cf6008ae.noarch,"MIT and (BSD or ASL 2.0)",@appstream
python38-setuptools-wheel,41.6.0-5.module_el8+615+cf6008ae.noarch,"MIT and (BSD or ASL 2.0)",@appstream
python38-six,1.12.0-10.module_el8+615+cf6008ae.noarch,"MIT",@appstream
qemu-guest-agent,6.2.0-39.module_el8+669+76cc32af.x86_64,"GPLv2 and GPLv2+ and CC-BY",@appstream
qpid-proton-c,0.30.0-2.el8.x86_64,"ASL 2.0",@manageiq-16-petrosian
quota,4.04-14.el8.x86_64,"BSD and GPLv2 and GPLv2+",@anaconda
quota-nls,4.04-14.el8.noarch,"BSD and LGPLv2+ and GPLv2 and GPLv2+",@anaconda
readline,7.0-10.el8.x86_64,"GPLv3+",@anaconda
realmd,0.17.1-1.el8.x86_64,"LGPLv2+",@anaconda
repmgr13,5.2.1-2.el8.x86_64,"GPLv3+",@manageiq-16-petrosian
rootfiles,8.1-22.el8.noarch,"Public Domain",@anaconda
rpcbind,1.2.5-10.el8.x86_64,"BSD",@anaconda
rpm,4.14.3-26.el8.x86_64,"GPLv2+",@anaconda
rpm-build-libs,4.14.3-26.el8.x86_64,"GPLv2+ and LGPLv2+ with exceptions",@anaconda
rpm-libs,4.14.3-26.el8.x86_64,"GPLv2+ and LGPLv2+ with exceptions",@anaconda
rpm-plugin-selinux,4.14.3-26.el8.x86_64,"GPLv2+",@anaconda
rpm-plugin-systemd-inhibit,4.14.3-26.el8.x86_64,"GPLv2+",@anaconda
rsyslog,8.2102.0-15.el8.x86_64,"(GPLv3+ and ASL 2.0)",@appstream
rsyslog-gnutls,8.2102.0-15.el8.x86_64,"(GPLv3+ and ASL 2.0)",@appstream
rsyslog-gssapi,8.2102.0-15.el8.x86_64,"(GPLv3+ and ASL 2.0)",@appstream
rsyslog-relp,8.2102.0-15.el8.x86_64,"(GPLv3+ and ASL 2.0)",@appstream
ruby,3.0.4-141.module_el8.6.0+1204+755ae676.x86_64,"(Ruby or BSD) and Public Domain and MIT and CC0 and zlib and UCD",@appstream
ruby-default-gems,3.0.4-141.module_el8.6.0+1204+755ae676.noarch,"(Ruby or BSD) and Public Domain and MIT and CC0 and zlib and UCD",@appstream
ruby-libs,3.0.4-141.module_el8.6.0+1204+755ae676.x86_64,"Ruby or BSD",@appstream
rubygem-bigdecimal,3.0.0-141.module_el8.6.0+1204+755ae676.x86_64,"Ruby or BSD",@appstream
rubygem-bundler,2.2.33-141.module_el8.6.0+1204+755ae676.noarch,"MIT",@appstream
rubygem-io-console,0.5.7-141.module_el8.6.0+1204+755ae676.x86_64,"(Ruby or BSD) and Public Domain and MIT and CC0 and zlib and UCD",@appstream
rubygem-irb,1.3.5-141.module_el8.6.0+1204+755ae676.noarch,"(Ruby or BSD) and Public Domain and MIT and CC0 and zlib and UCD",@appstream
rubygem-json,2.5.1-141.module_el8.6.0+1204+755ae676.x86_64,"(Ruby or GPLv2) and UCD",@appstream
rubygem-psych,3.3.2-141.module_el8.6.0+1204+755ae676.x86_64,"MIT",@appstream
rubygem-rake,13.0.3-141.module_el8.6.0+1204+755ae676.noarch,"MIT",@appstream
rubygem-rdoc,6.3.3-141.module_el8.6.0+1204+755ae676.noarch,"GPLv2 and Ruby and MIT and OFL",@appstream
rubygems,3.2.33-141.module_el8.6.0+1204+755ae676.noarch,"Ruby or MIT",@appstream
runc,1.1.9-1.module_el8+643+8db347f4.x86_64,"ASL 2.0",@appstream
samba-client-libs,4.18.6-1.el8.x86_64,"GPL-3.0-or-later AND LGPL-3.0-or-later",@baseos
samba-common,4.18.6-1.el8.noarch,"GPL-3.0-or-later AND LGPL-3.0-or-later",@baseos
samba-common-libs,4.18.6-1.el8.x86_64,"GPL-3.0-or-later AND LGPL-3.0-or-later",@baseos
samba-common-tools,4.18.6-1.el8.x86_64,"GPL-3.0-or-later AND LGPL-3.0-or-later",@baseos
samba-ldb-ldap-modules,4.18.6-1.el8.x86_64,"GPL-3.0-or-later AND LGPL-3.0-or-later",@baseos
samba-libs,4.18.6-1.el8.x86_64,"GPL-3.0-or-later AND LGPL-3.0-or-later",@baseos
scap-security-guide,0.1.69-2.el8.noarch,"BSD-3-Clause",@appstream
sed,4.5-5.el8.x86_64,"GPLv3+",@anaconda
selinux-policy,3.14.3-128.el8.noarch,"GPLv2+",@baseos
selinux-policy-targeted,3.14.3-128.el8.noarch,"GPLv2+",@baseos
setroubleshoot-plugins,3.3.14-1.el8.noarch,"GPLv2+",@appstream
setroubleshoot-server,3.3.26-5.el8.x86_64,"GPLv2+",@appstream
setup,2.12.2-9.el8.noarch,"Public Domain",@anaconda
sg3_utils,1.44-6.el8.x86_64,"GPLv2+ and BSD",@anaconda
sg3_utils-libs,1.44-6.el8.x86_64,"GPLv2+ and BSD",@anaconda
shadow-utils,4.6-19.el8.x86_64,"BSD and GPLv2+",@baseos
shadow-utils-subid,4.6-19.el8.x86_64,"BSD and GPLv2+",@baseos
shared-mime-info,1.9-3.el8.x86_64,"GPLv2+",@anaconda
slang,2.3.2-3.el8.x86_64,"GPLv2+",@anaconda
slirp4netns,1.2.1-1.module_el8+661+d1afb926.x86_64,"GPLv2",@appstream
smem,1.5-6.el8.noarch,"GPLv2+",@epel
snappy,1.1.8-3.el8.x86_64,"BSD",@anaconda
socat,1.7.4.1-1.el8.x86_64,"GPLv2",@appstream
sos,4.6.0-2.el8.noarch,"GPL-2.0-or-later",@baseos
sqlite-libs,3.26.0-18.el8.x86_64,"Public Domain",@baseos
squashfs-tools,4.3-20.el8.x86_64,"GPLv2+",@anaconda
sscg,3.0.0-7.el8.x86_64,"GPLv3+ with exceptions",@appstream
sshpass,1.09-4.el8.x86_64,"GPLv2",@appstream
sssd,2.9.1-2.el8.x86_64,"GPLv3+",@baseos
sssd-ad,2.9.1-2.el8.x86_64,"GPLv3+",@baseos
sssd-client,2.9.1-2.el8.x86_64,"LGPLv3+",@baseos
sssd-common,2.9.1-2.el8.x86_64,"GPLv3+",@baseos
sssd-common-pac,2.9.1-2.el8.x86_64,"GPLv3+",@baseos
sssd-dbus,2.9.1-2.el8.x86_64,"GPLv3+",@baseos
sssd-idp,2.9.1-2.el8.x86_64,"GPLv3+",@appstream
sssd-ipa,2.9.1-2.el8.x86_64,"GPLv3+",@baseos
sssd-kcm,2.9.1-2.el8.x86_64,"GPLv3+",@baseos
sssd-krb5,2.9.1-2.el8.x86_64,"GPLv3+",@baseos
sssd-krb5-common,2.9.1-2.el8.x86_64,"GPLv3+",@baseos
sssd-ldap,2.9.1-2.el8.x86_64,"GPLv3+",@baseos
sssd-nfs-idmap,2.9.1-2.el8.x86_64,"GPLv3+",@baseos
sssd-proxy,2.9.1-2.el8.x86_64,"GPLv3+",@baseos
sssd-tools,2.9.1-2.el8.x86_64,"GPLv3+",@baseos
sudo,1.8.29-10.el8.x86_64,"ISC",@anaconda
symlinks,1.4-19.el8.x86_64,"Copyright only",@anaconda
systemd,239-78.el8.x86_64,"LGPLv2+ and MIT and GPLv2+",@baseos
systemd-libs,239-78.el8.x86_64,"LGPLv2+ and MIT",@baseos
systemd-pam,239-78.el8.x86_64,"LGPLv2+ and MIT and GPLv2+",@baseos
systemd-udev,239-78.el8.x86_64,"LGPLv2+",@baseos
tar,1.30-9.el8.x86_64,"GPLv3+",@anaconda
teamd,1.31-4.el8.x86_64,"LGPLv2+",@anaconda
timedatex,0.5-3.el8.x86_64,"GPLv2+",@anaconda
tpm2-tss,2.3.2-5.el8.x86_64,"BSD",@baseos
tracer-common,0.7.5-2.el8.noarch,"GPLv2+",@appstream
tree,1.7.0-15.el8.x86_64,"GPLv2+",@anaconda
trousers,0.3.15-1.el8.x86_64,"BSD",@anaconda
trousers-lib,0.3.15-1.el8.x86_64,"BSD",@anaconda
ttmkfdir,3.0.9-54.el8.x86_64,"LGPLv2+",@appstream
tuned,2.21.0-1.el8.noarch,"GPLv2+",@baseos
tzdata,2023c-1.el8.noarch,"Public Domain",@baseos
tzdata-java,2023c-1.el8.noarch,"Public Domain",@appstream
unbound-libs,1.16.2-5.el8.x86_64,"BSD",@appstream
unzip,6.0-46.el8.x86_64,"BSD",@anaconda
util-linux,2.32.1-43.el8.x86_64,"GPLv2 and GPLv2+ and LGPLv2+ and BSD with advertising and Public Domain",@baseos
util-linux-user,2.32.1-43.el8.x86_64,"GPLv2",@baseos
vim-common,8.0.1763-19.el8.4.x86_64,"Vim and MIT",@appstream
vim-enhanced,8.0.1763-19.el8.4.x86_64,"Vim and MIT",@appstream
vim-filesystem,8.0.1763-19.el8.4.noarch,"Vim and MIT",@appstream
vim-minimal,8.0.1763-19.el8.4.x86_64,"Vim and MIT",@anaconda
virt-what,1.25-4.el8.x86_64,"GPLv2+",@baseos
wget,1.19.5-11.el8.x86_64,"GPLv3+",@appstream
which,2.21-20.el8.x86_64,"GPLv3",@baseos
wmi,1.3.14-2.el8.x86_64,"GPL",@manageiq-16-petrosian
xfsprogs,5.0.0-12.el8.x86_64,"GPL+ and LGPLv2+",@baseos
xkeyboard-config,2.28-1.el8.noarch,"MIT",@appstream
xml-common,0.6.3-50.el8.noarch,"GPL+",@anaconda
xmlrpc-c,1.51.0-8.el8.x86_64,"BSD and MIT",@anaconda
xmlrpc-c-client,1.51.0-8.el8.x86_64,"BSD and MIT",@anaconda
xmlsec1,1.2.25-4.el8.x86_64,"MIT",@appstream
xmlsec1-openssl,1.2.25-4.el8.x86_64,"MIT",@appstream
xorg-x11-font-utils,7.5-41.el8.x86_64,"MIT",@appstream
xorg-x11-fonts-Type1,7.5-19.el8.noarch,"MIT and Lucida and Public Domain",@appstream
xz,5.2.4-4.el8.x86_64,"GPLv2+ and Public Domain",@anaconda
xz-libs,5.2.4-4.el8.x86_64,"Public Domain",@anaconda
yum,4.7.0-19.el8.noarch,"GPLv2+",@baseos
yum-utils,4.0.21-23.el8.noarch,"GPLv2+",@baseos
zlib,1.2.11-25.el8.x86_64,"zlib and Boost",@baseos
